area,total_sales,success_rate
HR,1.3444401049999991E7,70.65
Finance,1.3104726649999991E7,72.11
Games,1.406247575E7,71.36
Marketing,1.2998781890000002E7,70.15
IT,1.2525434299999993E7,71.96
