area,total_sales,success_rate
HR,1.344440105E7,70.65
Finance,1.310472665E7,72.11
Games,1.406247575E7,71.36
Marketing,1.299878189E7,70.15
IT,1.25254343E7,71.96
